[
	{
		"title": "Avengers: Age of Ultron",
		"year": 2015,
		"cast": [
			"Robert Downey, Jr.",
			"Chris Evans",
			"Chris Hemsworth",
			"Mark Ruffalo"
		],
		"genres": [
			"Action"
		]
	},
	{
		"title": "The Avengers",
		"year": 2012,
		"cast": [
			"Robert Downey, Jr.",
			"Chris Evans",
			"Mark Ruffalo",
			"Chris Hemsworth",
			"Scarlett Johansson",
			"Jeremy Renner",
			"Tom Hiddleston",
			"Clark Gregg",
			"Cobie Smulders",
			"Stellan Skarsg�rd",
			"Samuel L. Jackson"
		],
		"genres": [
			"Superhero",
			"Action"
		]
	},
	{
		"title": "Life of Adam",
		"year": 2018,
		"cast": [
			"Adam Smith"
		],
		"genres": [
			"History"
		]
	}
]